Length,Sequence,Position_1,Position_2,Position_3,Position_4,Position_5,Position_6,Position_7,Position_8,Position_9
684,CATAGCGAT-------GATGCTAGGAGTT---GGAGACCGAAGCGAGGAGGAAAG-(12)-CGGGGCTAG----TGGGTGTTCC-(15)-ACGAGTGAGGCTTATCCCGGGGAACTCGGC-AATCGTCCC-ACATAGCAG--CCCGGAGCCCCTTCCAAA---ACCGAGGGGGGT-(21)-TGGAGCCATGGGATGC-(15)-TCCATCCCTCCCCCC,351,356,354,358,357,355,354,351,351
271,GTCGCCCAGGAATGGCGGGACC-(11)-GGTCCGCGTTCCATCCTTT-TTACCTG-TGGCCGGCATGGTCCCAGCCTCCTCGCTGGCGCCGGCTGGGCAACATTCCGAGGG-ACCGTCCCTCGGTAATGGCGAATGGGACCCAGAAATCTCTCTAGATTC,615,618,617,620,620,619,618,615,615
203,GGGACGAAGCCGCCCCCGGGCGCTCCCCTCG---CACCTTCGAGGGGGTTCACACCCCCAA----CGGGCCGGCT--TCTTCTTTCCCTT-TCTCGTC-TCCTCGG-CAACCTC--AAGTTCCTCTTC-(18)-CTTCCCTCC-(17)-TCTTGTTCTC-AGGGCCTTCCTTCGTCGGTG,1084,1088,1085,1090,1094,1087,1086,1084,1084
247,AGAATTCCTTTGA-GTTTCCCAGCCAGGGATT-(10)-AGTTTCTTGA--TTCTTCTTAA-CTTCCGGAG-(13)-TCCTCTAACTTCTTTCTT------ACCCACTGCTCGAG-(23)-TCTTCTTCGA,1417,1421,1418,1423,1427,1420,1419,1417,1417
178,GTCCTCCTTC-GATGCCCAGGTCGGACCGCG-GGAGGTGGAGATGCCATGCCGACCCGAAGAGGAAAGAAGGAC,835,839,836,841,839,838,837,835,835
120,CGGCTCATCTCG---AGAGGCGGC--TCCTCAGT-CTCTTACTCTTTTC---AAAGAGGAGACTGCTGGA,1582,1586,1583,1588,1592,1585,1584,1582,1582
108,AAGGGAGGATCG------AAGAGTATATCCTATGGGAATCC-(22)-CCCTCCCCGGT,973,977,974,979,983,976,975,973,973
87,GTGAGTG-AAACCCGCTTTATTCACTGGGGTCGACA-CTCTGGGGAGA,924,928,925,930,934,927,926,924,924
61,TCGAGAGAAA-CTGGCTCTCCCTTAGCCATCCGAGT,791,794,792,797,795,794,793,791,791
48,TCTTCGCCGGGGG-GCCCCCTCTCCATCCTT,1373,1377,1374,1379,1383,1376,1375,1373,1373
28,CACCTCCAGAGGACCCCTTCAGCGAACA,295,300,298,302,301,299,298,295,295
97,ATCAG-(50)-CCCAAGAAGAGAAAG,38,38,37,39,39,37,37,38,38
20,CTGAGAGGCCTCTTCCTAGG,1318,1322,1319,1324,1328,1321,1320,1318,1318
17,CCCGATCCGAGGGGCCC,196,198,196,200,199,198,196,196,196
21,CGCCGCCC-----CGAGCATG,1654,1658,1657,1660,1666,1659,1658,1654,1654
15,GCCTCTCCTTGTCGG,1292,1296,1293,1298,1302,1295,1294,1292,1292
15,GAAGGGGGACTCCGG,1053,1057,1054,1059,1063,1056,1055,1053,1053
12,GACGCTGGAGAC,138,140,139,142,142,140,139,138,138
10,CGCGAGGAGT,336,341,339,343,342,340,339,336,336
10,CCGGAGTCTA,1339,1343,1340,1345,1349,1342,1341,1339,1339
8,GGAAGGGG,155,157,156,159,159,157,156,155,155
8,GAGAATTC,1416,125,1417,1422,1426,1419,1418,1416,1416
8,AGAGAAGG,107,973,970,975,979,972,971,107,107
7,GTCCTGG,1045,1049,1046,1051,1055,1048,151,1045,1045
7,GGTCCTG,1044,1048,1045,1050,1054,1047,1288,1044,1044
7,GGAGACA,144,146,145,148,148,146,28,144,144
7,TCGGAGA,1303,122,278,125,281,279,278,1303,1303
7,AGGGTCG,244,615,614,617,617,616,615,244,244
6,GTGGAC,825,268,826,270,829,828,827,825,825
6,GGCCCG,1336,210,208,212,211,210,208,1336,1336
6,GGAGAG,226,971,968,973,977,970,969,226,226
6,GGACGC,1067,909,906,911,915,908,907,905,905
6,GATTCC,776,779,1574,782,1583,1576,1575,776,776
6,TGAGCC,2,336,1,338,2,1,1,2,2
6,AAGGGT,243,246,245,248,248,246,245,243,243
6,ATCTGG,1354,224,1355,226,1364,1357,1356,1354,1354
6,CCGCCG,1653,217,1656,1659,1665,1658,1657,1653,1653
5,GCACT,231,233,330,235,333,233,330,231,231
5,GATCA,37,353,36,38,38,36,36,37,37
5,TAGGT,171,1338,1335,1340,1344,1337,1336,171,171
